[
  {
    "id": "0ad735ca-8fc8-4893-b992-9549c03e22f9",
    "data": [
      {
        "text": "Book a hotel in ",
        "userDefined": false
      },
      {
        "text": "Saskatoon",
        "meta": "@sys.geo-city",
        "alias": "geo-city",
        "userDefined": true
      },
      {
        "text": " for ",
        "userDefined": false
      },
      {
        "text": "Thursday",
        "meta": "@sys.date",
        "alias": "date",
        "userDefined": true
      }
    ],
    "isTemplate": false,
    "count": 0,
    "lang": "en",
    "updated": 0
  },
  {
    "id": "0dce5714-9d38-4bb8-9b3d-daaeeda4ec7c",
    "data": [
      {
        "text": "Book a ",
        "userDefined": false
      },
      {
        "text": "king",
        "meta": "@room_type",
        "alias": "room_type",
        "userDefined": false
      },
      {
        "text": " in ",
        "userDefined": false
      },
      {
        "text": "Vancouver",
        "meta": "@sys.geo-city",
        "alias": "geo-city",
        "userDefined": false
      },
      {
        "text": " for ",
        "userDefined": false
      },
      {
        "text": "tomorrow",
        "meta": "@sys.date",
        "alias": "date",
        "userDefined": false
      }
    ],
    "isTemplate": false,
    "count": 1,
    "lang": "en",
    "updated": 0
  },
  {
    "id": "7f80a75f-b094-413d-9518-e1ee24185806",
    "data": [
      {
        "text": "Book a ",
        "userDefined": false
      },
      {
        "text": "queen",
        "meta": "@room_type",
        "alias": "room_type",
        "userDefined": false
      },
      {
        "text": " sized room in ",
        "userDefined": false
      },
      {
        "text": "Toronto",
        "meta": "@sys.geo-city",
        "alias": "geo-city",
        "userDefined": false
      }
    ],
    "isTemplate": false,
    "count": 0,
    "lang": "en",
    "updated": 0
  },
  {
    "id": "2f3044f7-1824-43e6-996f-51953847f4b9",
    "data": [
      {
        "text": "Book a room in ",
        "userDefined": false
      },
      {
        "text": "New York",
        "meta": "@sys.geo-city",
        "alias": "geo-city",
        "userDefined": false
      }
    ],
    "isTemplate": false,
    "count": 0,
    "lang": "en",
    "updated": 0
  },
  {
    "id": "43fd4728-6fd3-4002-a107-54ad52a9aa0b",
    "data": [
      {
        "text": "Book a room",
        "userDefined": false
      }
    ],
    "isTemplate": false,
    "count": 0,
    "lang": "en",
    "updated": 0
  }
]