[
  {
    "id": "9a4a1951-8d1c-4b34-ac1f-7f03c4aa9c50",
    "data": [
      {
        "text": "Non-stop",
        "meta": "@flight_type",
        "alias": "flight_type",
        "userDefined": true
      },
      {
        "text": " flight from ",
        "userDefined": false
      },
      {
        "text": "Winnipeg",
        "meta": "@sys.geo-city",
        "alias": "geo-city",
        "userDefined": false
      },
      {
        "text": " to ",
        "userDefined": false
      },
      {
        "text": "Toronto",
        "meta": "@sys.geo-city",
        "alias": "geo-city1",
        "userDefined": false
      }
    ],
    "isTemplate": false,
    "count": 0,
    "lang": "en",
    "updated": 0
  },
  {
    "id": "a15f9702-4216-4b57-973c-dec82d83c467",
    "data": [
      {
        "text": "Reserve a flight for ",
        "userDefined": false
      },
      {
        "text": "next Tuesday",
        "meta": "@sys.date",
        "alias": "date",
        "userDefined": false
      }
    ],
    "isTemplate": false,
    "count": 0,
    "lang": "en",
    "updated": 0
  },
  {
    "id": "d467e6ea-290a-443e-9730-641071e6f07c",
    "data": [
      {
        "text": "Book a flight from ",
        "userDefined": false
      },
      {
        "text": "Toronto",
        "meta": "@sys.geo-city",
        "alias": "geo-city",
        "userDefined": false
      },
      {
        "text": " to ",
        "userDefined": false
      },
      {
        "text": "Calgary",
        "meta": "@sys.geo-city",
        "alias": "geo-city1",
        "userDefined": false
      },
      {
        "text": " for ",
        "userDefined": false
      },
      {
        "text": "tomorrow",
        "meta": "@sys.date",
        "alias": "date",
        "userDefined": false
      }
    ],
    "isTemplate": false,
    "count": 0,
    "lang": "en",
    "updated": 0
  },
  {
    "id": "f9df12b7-909f-4132-b8eb-afedd658e88c",
    "data": [
      {
        "text": "Book a flight for ",
        "userDefined": false
      },
      {
        "text": "November 20th 2022",
        "meta": "@sys.date",
        "alias": "date",
        "userDefined": true
      }
    ],
    "isTemplate": false,
    "count": 0,
    "lang": "en",
    "updated": 0
  },
  {
    "id": "4d64b572-7c9e-421c-870f-d439ed74d204",
    "data": [
      {
        "text": "Book flight tickets",
        "userDefined": false
      }
    ],
    "isTemplate": false,
    "count": 0,
    "lang": "en",
    "updated": 0
  },
  {
    "id": "9defdebe-de2e-4426-a34d-de3e81d7e2f8",
    "data": [
      {
        "text": "Book a flight",
        "userDefined": false
      }
    ],
    "isTemplate": false,
    "count": 0,
    "lang": "en",
    "updated": 0
  }
]