[
  {
    "id": "5da2b4d7-e92f-4457-8cfd-0d96ca83febd",
    "data": [
      {
        "text": "It was ",
        "userDefined": false
      },
      {
        "text": "good",
        "meta": "@Rating",
        "alias": "rating",
        "userDefined": false
      }
    ],
    "isTemplate": false,
    "count": 0,
    "lang": "en",
    "updated": 0
  },
  {
    "id": "4551a8ca-f6ab-4461-b562-7ab6856401d8",
    "data": [
      {
        "text": "Good",
        "meta": "@Rating",
        "alias": "rating",
        "userDefined": false
      }
    ],
    "isTemplate": false,
    "count": 0,
    "lang": "en",
    "updated": 0
  }
]