[
  {
    "id": "1b999ecf-72fd-4a4a-a54a-ada0fd05ba21",
    "data": [
      {
        "text": "Bad",
        "meta": "@Rating",
        "alias": "rating",
        "userDefined": false
      }
    ],
    "isTemplate": false,
    "count": 0,
    "lang": "en",
    "updated": 0
  },
  {
    "id": "1add70a8-af9f-46eb-bd37-35407e82e6b9",
    "data": [
      {
        "text": "It was ",
        "userDefined": false
      },
      {
        "text": "bad",
        "meta": "@Rating",
        "alias": "rating",
        "userDefined": false
      }
    ],
    "isTemplate": false,
    "count": 0,
    "lang": "en",
    "updated": 0
  }
]