[
  {
    "id": "f8fd026a-18fc-4ad8-9588-c84d5aa8d5f6",
    "data": [
      {
        "text": "Complain",
        "userDefined": false
      }
    ],
    "isTemplate": false,
    "count": 0,
    "lang": "en",
    "updated": 0
  },
  {
    "id": "f9716024-40d3-4500-9270-fd41bf4d0c4a",
    "data": [
      {
        "text": "Feedback",
        "userDefined": false
      }
    ],
    "isTemplate": false,
    "count": 0,
    "lang": "en",
    "updated": 0
  },
  {
    "id": "e0b96d3b-82b2-4267-aead-f4c22b75c1f5",
    "data": [
      {
        "text": "I\u0027d like to give some feedback",
        "userDefined": false
      }
    ],
    "isTemplate": false,
    "count": 0,
    "lang": "en",
    "updated": 0
  },
  {
    "id": "e773b072-f015-4c25-b28a-8b6bd952c883",
    "data": [
      {
        "text": "I have some feedback",
        "userDefined": false
      }
    ],
    "isTemplate": false,
    "count": 0,
    "lang": "en",
    "updated": 0
  }
]