[
  {
    "id": "af32beaa-8c9e-42a0-a4cd-650777e99dec",
    "data": [
      {
        "text": "They call me ",
        "userDefined": false
      },
      {
        "text": "Stewy",
        "meta": "@sys.given-name",
        "alias": "given-name",
        "userDefined": false
      }
    ],
    "isTemplate": false,
    "count": 0,
    "lang": "en",
    "updated": 0
  },
  {
    "id": "36cabb4b-3772-4074-aaca-303740c214f6",
    "data": [
      {
        "text": "Jacob",
        "meta": "@sys.given-name",
        "alias": "given-name",
        "userDefined": false
      }
    ],
    "isTemplate": false,
    "count": 0,
    "lang": "en",
    "updated": 0
  },
  {
    "id": "3993e1bc-befd-41f5-9011-f391eebd813e",
    "data": [
      {
        "text": "I\u0027m ",
        "userDefined": false
      },
      {
        "text": "Lindsay",
        "meta": "@sys.given-name",
        "alias": "given-name",
        "userDefined": false
      }
    ],
    "isTemplate": false,
    "count": 0,
    "lang": "en",
    "updated": 0
  },
  {
    "id": "3bb0efba-aecd-4941-890d-fd7914c823b9",
    "data": [
      {
        "text": "My name is ",
        "userDefined": false
      },
      {
        "text": "Adam",
        "meta": "@sys.given-name",
        "alias": "given-name",
        "userDefined": false
      }
    ],
    "isTemplate": false,
    "count": 0,
    "lang": "en",
    "updated": 0
  }
]