[
  {
    "id": "49a4a79e-11c2-4bd8-bf1d-7ac538731bb7",
    "data": [
      {
        "text": "is the temperature going to be warm ",
        "userDefined": false
      },
      {
        "text": "next Thursday",
        "meta": "@sys.date",
        "alias": "date",
        "userDefined": false
      },
      {
        "text": " in ",
        "userDefined": false
      },
      {
        "text": "Thunder Bay",
        "meta": "@sys.geo-city",
        "alias": "geo-city",
        "userDefined": true
      }
    ],
    "isTemplate": false,
    "count": 0,
    "lang": "en",
    "updated": 0
  },
  {
    "id": "1b9a31f7-05ae-42ca-b2a2-4579007ac3b9",
    "data": [
      {
        "text": "what is the forecast like in ",
        "userDefined": false
      },
      {
        "text": "Toronto",
        "meta": "@sys.geo-city",
        "alias": "geo-city",
        "userDefined": false
      },
      {
        "text": " ",
        "userDefined": false
      },
      {
        "text": "in 3 days",
        "meta": "@sys.date",
        "alias": "date",
        "userDefined": false
      },
      {
        "text": "?",
        "userDefined": false
      }
    ],
    "isTemplate": false,
    "count": 0,
    "lang": "en",
    "updated": 0
  },
  {
    "id": "a8f1596f-372b-4e23-879f-7e76bc5b23d6",
    "data": [
      {
        "text": "what is the weather in ",
        "userDefined": false
      },
      {
        "text": "Calgary",
        "meta": "@sys.geo-city",
        "alias": "geo-city",
        "userDefined": false
      },
      {
        "text": " ",
        "userDefined": false
      },
      {
        "text": "tomorrow",
        "meta": "@sys.date",
        "alias": "date",
        "userDefined": false
      },
      {
        "text": "?",
        "userDefined": false
      }
    ],
    "isTemplate": false,
    "count": 0,
    "lang": "en",
    "updated": 0
  },
  {
    "id": "2072ec58-d569-451d-828a-8e624964b732",
    "data": [
      {
        "text": "whats the weather?",
        "userDefined": false
      }
    ],
    "isTemplate": false,
    "count": 0,
    "lang": "en",
    "updated": 0
  }
]