[
  {
    "id": "453e9fd6-3b16-41c9-9908-c3c6926990b6",
    "data": [
      {
        "text": "Terrible",
        "meta": "@Rating",
        "alias": "rating",
        "userDefined": false
      }
    ],
    "isTemplate": false,
    "count": 0,
    "lang": "en",
    "updated": 0
  },
  {
    "id": "47d19398-8956-4fc0-b323-cfb65acbc64d",
    "data": [
      {
        "text": "Bad",
        "meta": "@Rating",
        "alias": "rating",
        "userDefined": false
      }
    ],
    "isTemplate": false,
    "count": 0,
    "lang": "en",
    "updated": 0
  },
  {
    "id": "000c46b4-87eb-48cd-8b3b-9c82cdf6fbf2",
    "data": [
      {
        "text": "It was ",
        "userDefined": false
      },
      {
        "text": "bad",
        "meta": "@Rating",
        "alias": "rating",
        "userDefined": false
      }
    ],
    "isTemplate": false,
    "count": 0,
    "lang": "en",
    "updated": 0
  }
]