[
  {
    "id": "dbe69a03-dbc0-4ef1-b6c8-a67dfae9e03a",
    "data": [
      {
        "text": "It was ",
        "userDefined": false
      },
      {
        "text": "good",
        "meta": "@Rating",
        "alias": "Rating",
        "userDefined": false
      }
    ],
    "isTemplate": false,
    "count": 0,
    "lang": "en",
    "updated": 0
  },
  {
    "id": "99a24477-2776-4a68-89d7-d5e6100e9906",
    "data": [
      {
        "text": "Good",
        "meta": "@Rating",
        "alias": "Rating",
        "userDefined": false
      }
    ],
    "isTemplate": false,
    "count": 0,
    "lang": "en",
    "updated": 0
  },
  {
    "id": "2634caff-e4aa-418c-8473-cf1bac5f1f7c",
    "data": [
      {
        "text": "Loved it",
        "meta": "@Rating",
        "alias": "Rating",
        "userDefined": false
      }
    ],
    "isTemplate": false,
    "count": 0,
    "lang": "en",
    "updated": 0
  }
]