[
  {
    "id": "d4c7360f-86e7-496f-a91b-7d05685c4258",
    "data": [
      {
        "text": "What have I booked?",
        "userDefined": false
      }
    ],
    "isTemplate": false,
    "count": 0,
    "lang": "en",
    "updated": 0
  },
  {
    "id": "98754fa1-4316-4168-8542-68c941cdca98",
    "data": [
      {
        "text": "What have I booked so far?",
        "userDefined": false
      }
    ],
    "isTemplate": false,
    "count": 0,
    "lang": "en",
    "updated": 0
  },
  {
    "id": "b25357b0-8129-46e0-9a57-38e2218b7bd6",
    "data": [
      {
        "text": "What have we done so far?",
        "userDefined": false
      }
    ],
    "isTemplate": false,
    "count": 0,
    "lang": "en",
    "updated": 0
  },
  {
    "id": "0fdd79fe-a825-4089-a50a-4341927ecde0",
    "data": [
      {
        "text": "Whats in my cart?",
        "userDefined": false
      }
    ],
    "isTemplate": false,
    "count": 0,
    "lang": "en",
    "updated": 0
  },
  {
    "id": "2cf4217e-cd7d-41a7-a690-eddde4f2d183",
    "data": [
      {
        "text": "What have I bought?",
        "userDefined": false
      }
    ],
    "isTemplate": false,
    "count": 0,
    "lang": "en",
    "updated": 0
  },
  {
    "id": "5ee7e9d7-6756-4db8-931c-a3a70ad17d4f",
    "data": [
      {
        "text": "What have I ordered so far?",
        "userDefined": false
      }
    ],
    "isTemplate": false,
    "count": 0,
    "lang": "en",
    "updated": 0
  }
]