[
  {
    "id": "9b5f1082-ce3a-4ca5-83a0-ae5b2fa317a4",
    "data": [
      {
        "text": "See you later",
        "userDefined": false
      }
    ],
    "isTemplate": false,
    "count": 0,
    "lang": "en",
    "updated": 0
  },
  {
    "id": "a3b36322-248c-4a68-865c-500334a80ef5",
    "data": [
      {
        "text": "Goodbye",
        "userDefined": false
      }
    ],
    "isTemplate": false,
    "count": 0,
    "lang": "en",
    "updated": 0
  },
  {
    "id": "3541ddf0-4860-4690-8180-eebc26d39d93",
    "data": [
      {
        "text": "Quit",
        "userDefined": false
      }
    ],
    "isTemplate": false,
    "count": 0,
    "lang": "en",
    "updated": 0
  }
]