[
  {
    "id": "f3889abe-f0cd-425b-bf29-baaeb0291707",
    "data": [
      {
        "text": "Sure",
        "meta": "@agree",
        "alias": "agree",
        "userDefined": true
      }
    ],
    "isTemplate": false,
    "count": 0,
    "lang": "en",
    "updated": 0
  },
  {
    "id": "1ba91577-04fc-40a5-83c3-33e3b5294407",
    "data": [
      {
        "text": "Ok",
        "meta": "@agree",
        "alias": "agree",
        "userDefined": true
      }
    ],
    "isTemplate": false,
    "count": 0,
    "lang": "en",
    "updated": 0
  },
  {
    "id": "b8c55342-b79b-41f5-894a-323204a61249",
    "data": [
      {
        "text": "Ya",
        "meta": "@agree",
        "alias": "agree",
        "userDefined": true
      },
      {
        "text": " that sounds good",
        "userDefined": false
      }
    ],
    "isTemplate": false,
    "count": 0,
    "lang": "en",
    "updated": 0
  },
  {
    "id": "6b809080-6886-4a76-8b5e-64bd1466990b",
    "data": [
      {
        "text": "Yes",
        "meta": "@agree",
        "alias": "agree",
        "userDefined": true
      },
      {
        "text": " please",
        "userDefined": false
      }
    ],
    "isTemplate": false,
    "count": 0,
    "lang": "en",
    "updated": 0
  }
]