[
  {
    "id": "994e2551-b16b-4282-92b3-f0d4d1f6fc2c",
    "data": [
      {
        "text": "Can I change the car to a ",
        "userDefined": false
      },
      {
        "text": "convertible",
        "meta": "@car_type",
        "alias": "car_type",
        "userDefined": false
      },
      {
        "text": "?",
        "userDefined": false
      }
    ],
    "isTemplate": false,
    "count": 0,
    "lang": "en",
    "updated": 0
  },
  {
    "id": "6c767510-5221-413f-88dd-0a2fe729b00f",
    "data": [
      {
        "text": "Book a convertible in ",
        "userDefined": false
      },
      {
        "text": "Calgary",
        "meta": "@sys.geo-city",
        "alias": "geo-city",
        "userDefined": false
      }
    ],
    "isTemplate": false,
    "count": 0,
    "lang": "en",
    "updated": 0
  },
  {
    "id": "317be5d5-ab10-450d-9b9b-f49e5a43ce86",
    "data": [
      {
        "text": "Reserve a ",
        "userDefined": false
      },
      {
        "text": "sedan",
        "meta": "@car_type",
        "alias": "car_type",
        "userDefined": false
      },
      {
        "text": " in ",
        "userDefined": false
      },
      {
        "text": "Vancouver",
        "meta": "@sys.geo-city",
        "alias": "geo-city",
        "userDefined": false
      },
      {
        "text": " on ",
        "userDefined": false
      },
      {
        "text": "December 25th 2022",
        "meta": "@sys.date",
        "alias": "date",
        "userDefined": false
      }
    ],
    "isTemplate": false,
    "count": 0,
    "lang": "en",
    "updated": 0
  },
  {
    "id": "69a9d9f3-6e5d-44dc-ac10-a65a8cfb10c4",
    "data": [
      {
        "text": "Reserve a car in ",
        "userDefined": false
      },
      {
        "text": "Toronto",
        "meta": "@sys.geo-city",
        "alias": "geo-city",
        "userDefined": false
      },
      {
        "text": " for ",
        "userDefined": false
      },
      {
        "text": "Friday",
        "meta": "@sys.date",
        "alias": "date",
        "userDefined": true
      }
    ],
    "isTemplate": false,
    "count": 0,
    "lang": "en",
    "updated": 0
  },
  {
    "id": "a2449585-be79-4088-8aae-72bef6e5fb80",
    "data": [
      {
        "text": "Book a car in ",
        "userDefined": false
      },
      {
        "text": "San Francisco",
        "meta": "@sys.geo-city",
        "alias": "geo-city",
        "userDefined": false
      }
    ],
    "isTemplate": false,
    "count": 0,
    "lang": "en",
    "updated": 0
  },
  {
    "id": "3d976981-4770-48d5-971b-b6ab89657f82",
    "data": [
      {
        "text": "Book a car",
        "userDefined": false
      }
    ],
    "isTemplate": false,
    "count": 0,
    "lang": "en",
    "updated": 0
  }
]